{
  "contacts": [
    {
      "fullname": "amir",
      "img": "https://cdn.theatlantic.com/thumbor/PvmtulHgIX-nfNsLllqGVyKozkI=/0x0:3000x1688/1600x900/media/img/mt/2022/10/GettyImages_1243422109/original.jpg",
      "phone": "09091888",
      "email": "aabbccddee9898@gmail.com",
      "jop": "dev",
      "group": "1",
      "id": 4
    },
    {
      "fullname": "Amir Hossein jamshidi",
      "img": "https://cdn.theatlantic.com/thumbor/PvmtulHgIX-nfNsLllqGVyKozkI=/0x0:3000x1688/1600x900/media/img/mt/2022/10/GettyImages_1243422109/original.jpg",
      "phone": "09",
      "email": "aabbccddee9898@gmail.com",
      "jop": "7",
      "group": "1",
      "id": 7
    },
    {
      "fullname": "a",
      "img": "https://cdn.theatlantic.com/thumbor/PvmtulHgIX-nfNsLllqGVyKozkI=/0x0:3000x1688/1600x900/media/img/mt/2022/10/GettyImages_1243422109/original.jpg",
      "phone": "09195854705",
      "email": "aabbccddee9898@gmail.com",
      "jop": "s",
      "group": "2",
      "id": 8
    },
    {
      "fullname": "ffffa",
      "img": "https://toplearn.com/img/user/250x259/8859_b4917a6c-86f6-48ab-bf8b-b9bd29e558df_%D8%A7%D9%85%DB%8C%D8%B1%20%D8%AD%D8%B3%DB%8C%D9%86_%D8%AC%D9%85%D8%B4%DB%8C%D8%AF%DB%8C.jpg",
      "phone": "0000",
      "email": "aabbccddee9898@gmail.com",
      "jop": "a",
      "group": "3",
      "id": 9
    },
    {
      "fullname": "Amir Hossein jamshidi",
      "img": "https://i.guim.co.uk/img/media/196f8e3cc398015d39a1e92e908719db71a6bba5/0_0_2134_2126/master/2134.jpg?width=445&quality=85&dpr=1&s=none",
      "phone": "09195854705",
      "email": "aabbccddee9898@gmail.com",
      "jop": "d",
      "group": "5",
      "id": 10
    },
    {
      "fullname": "Amir Hossein jamshidi",
      "img": "https://cdn.theatlantic.com/thumbor/PvmtulHgIX-nfNsLllqGVyKozkI=/0x0:3000x1688/1600x900/media/img/mt/2022/10/GettyImages_1243422109/original.jpg",
      "phone": "0000",
      "email": "aabbccddee9898@gmail.com",
      "jop": "0",
      "group": "4",
      "id": 11
    },
    {
      "fullname": "000",
      "img": "https://www.w3schools.com/howto/img_avatar.png",
      "phone": "0000",
      "email": "amir@gmail.com",
      "jop": ".000",
      "group": "2",
      "id": 13
    },
    {
      "fullname": "Amir Hossein jamshidi",
      "img": "https://www.w3schools.com/howto/img_avatar.png",
      "phone": "0000",
      "email": "aabbccddee9898@gmail.com",
      "jop": "برنامه نویس",
      "group": "1",
      "id": 16
    }
  ],
  "groups": [
    {
      "id": "1",
      "name": "برنامه نویس وب"
    },
    {
      "id": "2",
      "name": "برنامه نویس اندروید"
    },
    {
      "id": "3",
      "name": "طراح وب"
    },
    {
      "id": "4",
      "name": "برنامه نویس فلاتر"
    },
    {
      "id": "5",
      "name": "برنامه نویس ری اکت نیتیو"
    }
  ]
}